,avg_duration1,avg_duration2,avg_duration3,avg_duration4,avg_duration5,avg_interval1,avg_interval2,avg_interval3,avg_interval4,avg_interval5,med_duration1,med_duration2,med_duration3,med_duration4,med_duration5,med_interval1,med_interval2,med_interval3,med_interval4,med_interval5,mistaken_shift_duration,shift_first_interval_avg1,shift_first_interval_avg2,shift_first_interval_avg3,shift_first_interval_avg4,shift_first_interval_avg5,shift_first_interval_med1,shift_first_interval_med2,shift_first_interval_med3,shift_first_interval_med4,shift_first_interval_med5,shift_last_interval_avg1,shift_last_interval_avg2,shift_last_interval_avg3,shift_last_interval_avg4,shift_last_interval_avg5,shift_last_interval_med1,shift_last_interval_med2,shift_last_interval_med3,shift_last_interval_med4,shift_last_interval_med5,shift_mistakes,typos_center_edge,typos_left_right,typos_per_presses1,typos_per_presses2,typos_per_presses3,typos_per_presses4,typos_per_presses5,words_in_memory,class,lang_alt,lang_cmd,lang_ctrl_shift,lang_ctrl_space
0,95.0,88.57711442786069,90.31764705882352,89.51351351351352,92.3943661971831,101.95833333333333,90.86,95.96610169491525,98.55172413793103,92.8695652173913,96.0,96.0,96.0,96.0,96.0,122.0,92.0,92.0,92.0,32.0,342.0,232.0,255.5,134.5,236.33333333333334,,186.0,216.0,129.0,219.0,,46.0,57.75,85.0,125.66666666666667,25.714285714285715,34.0,65.0,85.0,120.0,14.0,0.03333333333333333,1.0,0.3333333333333333,0.02040816326530612,0.0,0.01092896174863388,0.024390243902439025,0.027777777777777776,0.5,1,0,0,0,1
1,93.28571428571429,88.64377682403433,84.37662337662337,92.26666666666667,88.94915254237289,94.18604651162791,89.67965367965368,90.68354430379746,96.44444444444444,91.38709677419355,96.0,96.0,94.0,96.0,96.0,70.0,92.0,92.0,154.0,38.0,281.0,186.0,201.88235294117646,151.75,160.33333333333334,,186.0,186.0,144.0,140.0,,34.0,94.3529411764706,91.5,116.0,36.5,34.0,66.0,70.0,116.0,41.0,0.058823529411764705,inf,4.0,0.0,0.01652892561983471,0.005952380952380952,0.0,0.0,0.4305555555555556,1,0,0,0,1
2,94.45714285714286,94.23744292237443,89.38285714285715,89.45945945945945,97.63076923076923,100.3157894736842,97.21266968325791,96.06741573033707,96.875,100.3125,96.0,96.0,96.0,96.0,96.0,91.0,92.0,92.0,122.0,30.0,,216.0,186.54545454545453,344.0,144.75,,216.0,186.0,216.0,125.0,,70.0,94.0,105.6,98.0,25.2,70.0,96.0,102.0,100.0,38.0,0.0,inf,0.3333333333333333,0.0,0.004310344827586207,0.016129032258064516,0.0,0.029850746268656716,0.4652777777777778,1,0,0,0,1
3,95.76190476190476,92.77358490566037,86.39784946236558,90.96296296296296,89.6140350877193,97.85714285714286,97.38181818181818,91.36898395721926,87.66666666666667,88.26415094339623,96.0,96.0,94.0,96.0,92.0,62.0,92.0,62.0,92.0,30.0,,,157.33333333333334,310.0,124.5,,,126.0,310.0,124.0,,,85.33333333333333,111.0,,67.25,,96.0,111.0,,48.0,0.0,inf,0.6,0.0,0.013215859030837005,0.025,0.0,0.017543859649122806,0.32947976878612717,1,0,0,0,1
4,69.44736842105263,64.36756756756756,66.57861635220125,70.61538461538461,64.89189189189189,69.44736842105263,66.90526315789474,66.6474358974359,73.58536585365853,67.15942028985508,67.0,62.0,67.0,70.0,67.0,187.0,143.0,103.0,144.0,195.0,93.0,,219.26315789473685,205.71428571428572,112.6,,,220.0,182.0,94.0,,,89.9090909090909,76.625,90.4,,,86.5,84.5,85.0,,0.02857142857142857,1.5,0.25,0.02631578947368421,0.0,0.01875,0.022727272727272728,0.05063291139240506,0.6475409836065574,2,0,0,0,1
5,68.88461538461539,65.25615763546799,67.96629213483146,67.08888888888889,65.98571428571428,75.90625,66.38349514563107,69.11111111111111,69.17073170731707,64.69354838709677,70.5,66.0,68.5,67.0,66.0,185.5,132.0,108.5,134.0,170.0,,209.0,288.125,297.0,192.75,,209.0,256.5,297.0,167.0,,95.0,79.25,78.5,105.3529411764706,,95.0,68.5,78.5,97.0,,0.0,5.0,2.0,0.0,0.018957345971563982,0.005434782608695652,0.02,0.013888888888888888,0.5,2,0,0,0,1
6,96.72413793103448,83.46107784431138,85.38285714285715,88.36666666666666,106.03076923076924,103.0625,89.43258426966293,88.01764705882353,87.74,110.24615384615385,98.0,85.0,83.0,90.5,108.0,162.5,72.0,100.0,208.0,90.0,355.0,365.5,181.75,239.33333333333334,158.57142857142858,,365.5,167.0,246.0,114.5,,52.333333333333336,56.0,120.42857142857143,114.86666666666666,,49.0,53.0,123.0,89.0,,0.03225806451612903,13.0,1.3333333333333333,0.0,0.04395604395604396,0.028089887640449437,0.01639344262295082,0.02857142857142857,0.7526881720430108,3,1,0,0,0
7,94.59375,84.65644171779141,85.9931506849315,89.25581395348837,103.21621621621621,98.23529411764706,87.05988023952096,91.3529411764706,92.94366197183099,108.54666666666667,92.5,85.0,85.0,88.0,102.0,133.5,97.0,101.0,190.0,118.0,242.0,230.0,141.0,113.0,102.07692307692308,169.0,230.0,141.0,113.0,95.0,169.0,40.0,43.0,65.5,108.13333333333334,0.0,40.0,43.0,65.5,102.0,0.0,0.045454545454545456,5.5,0.8571428571428571,0.027777777777777776,0.02976190476190476,0.0379746835443038,0.011363636363636364,0.0,1.025974025974026,3,0,0,0,1
8,112.57142857142857,102.615,90.68518518518519,92.6304347826087,91.73584905660377,119.82352941176471,105.53623188405797,90.5741935483871,96.55813953488372,92.09615384615384,114.0,102.0,91.0,95.5,91.0,170.0,92.0,80.0,286.0,130.0,221.5,145.0,168.92857142857142,219.8,130.0,,145.0,147.5,163.5,130.0,,153.0,148.61111111111111,161.9090909090909,100.0,,153.0,156.0,172.0,100.0,,0.058823529411764705,3.3333333333333335,0.4444444444444444,0.0,0.018433179723502304,0.03680981595092025,0.061224489795918366,0.05660377358490566,0.4732142857142857,4,1,0,0,0
9,111.55882352941177,99.39893617021276,90.48993288590604,91.7457627118644,92.0952380952381,117.3076923076923,102.79792746113989,90.88111888111888,91.82456140350877,92.33898305084746,113.5,101.0,91.0,91.0,91.0,181.0,109.0,79.0,244.0,160.0,439.0,188.5,206.93333333333334,193.2,148.0,,188.5,197.0,162.0,134.0,,192.5,164.88888888888889,209.9090909090909,115.8,,192.5,167.5,181.0,61.0,,0.027777777777777776,2.0,3.5,0.07317073170731707,0.01951219512195122,0.013245033112582781,0.0,0.06349206349206349,0.6,4,1,0,0,0
10,88.04347826086956,83.28991596638656,77.83766233766234,80.65789473684211,100.41509433962264,87.66666666666667,83.41333333333333,81.1741935483871,86.825,107.94366197183099,88.0,81.0,80.0,80.0,103.0,168.0,81.0,79.0,156.0,40.0,32.0,120.0,206.6875,226.28571428571428,160.0,,120.0,192.0,152.0,160.0,,128.0,69.05882352941177,97.77777777777777,168.0,,128.0,64.0,88.0,168.0,,0.03571428571428571,3.5,0.5,0.0,0.012396694214876033,0.024691358024691357,0.046511627906976744,0.013888888888888888,0.6153846153846154,5,0,0,0,1
11,86.16666666666667,82.13191489361702,79.57317073170732,85.76086956521739,94.35714285714286,87.05555555555556,82.47533632286995,82.00621118012423,90.2127659574468,100.08695652173913,88.0,80.0,80.0,88.0,96.0,152.0,88.0,72.0,120.0,48.0,,168.0,210.42857142857142,156.0,280.0,,168.0,192.0,152.0,280.0,,80.0,69.42857142857143,91.75,76.0,,80.0,64.0,103.5,76.0,,0.0,6.0,0.75,0.0,0.012605042016806723,0.01775147928994083,0.019230769230769232,0.014084507042253521,0.5725806451612904,5,0,0,0,1
12,137.97826086956522,118.95762711864407,117.41304347826087,127.83783783783784,115.875,142.02,122.32067510548524,123.25342465753425,127.70588235294117,115.15068493150685,139.5,116.0,112.0,127.0,118.0,15.5,55.0,14.0,62.0,-12.0,,160.0,425.0,343.5,93.875,,160.0,261.0,343.5,96.0,,137.0,160.72727272727272,199.5,196.0,46.42857142857143,137.0,145.0,199.5,196.0,46.0,0.0,4.0,0.6666666666666666,0.0,0.008064516129032258,0.013333333333333334,0.023809523809523808,0.0,0.5128205128205128,6,0,0,0,1
13,144.24242424242425,120.63636363636364,115.34437086092716,129.27586206896552,102.28915662650603,144.24242424242425,124.850622406639,122.3780487804878,125.76190476190476,102.3125,148.0,121.0,111.0,127.0,101.0,36.0,39.0,5.0,61.0,-17.5,,,304.55555555555554,165.0,80.08333333333333,,,282.0,165.0,76.5,,,140.55555555555554,121.0,122.0,35.30769230769231,,145.0,121.0,122.0,31.0,0.0,4.0,1.5,0.0,0.011764705882352941,0.005988023952095809,0.03225806451612903,0.012048192771084338,0.5763888888888888,6,0,0,0,1
14,134.0810810810811,116.08411214953271,117.83850931677019,132.9090909090909,106.125,142.75,121.29953917050692,121.13414634146342,128.21428571428572,106.40789473684211,132.0,116.0,119.0,133.0,108.0,25.5,35.0,-4.0,37.0,-20.0,,237.0,212.77777777777777,280.3333333333333,96.42857142857143,,237.0,191.0,330.0,95.0,,138.0,165.11111111111111,115.0,180.0,52.333333333333336,138.0,122.0,117.0,180.0,60.5,0.0,12.0,5.5,0.023809523809523808,0.043859649122807015,0.011904761904761904,0.0,0.0,0.5161290322580645,6,0,0,0,1
15,134.66666666666666,120.1896551724138,113.03597122302158,126.74285714285715,108.64197530864197,140.91489361702128,123.72961373390558,120.04761904761905,120.17857142857143,108.76712328767124,138.0,119.0,106.0,128.0,111.0,19.0,37.0,5.0,55.5,-26.0,,,243.57142857142858,549.0,90.25,,,193.5,549.0,87.5,,,137.21428571428572,169.0,208.0,47.42857142857143,,136.0,169.0,208.0,47.0,0.0,3.0,0.3333333333333333,0.02127659574468085,0.0,0.019736842105263157,0.0,0.012345679012345678,0.5625,6,0,0,0,1
16,94.02702702702703,85.07281553398059,88.8,91.75,98.06153846153846,101.28205128205128,86.28855721393035,92.05,93.37037037037037,101.01428571428572,95.0,87.0,91.0,92.0,100.0,120.0,107.0,93.5,83.5,79.5,,355.0,215.1,240.33333333333334,139.57142857142858,,355.0,247.5,246.0,68.0,,124.0,97.8,130.0,119.25,,124.0,99.0,137.0,101.0,,0.0,2.0,1.0,0.0,0.014150943396226415,0.006097560975609756,0.03225806451612903,0.0,0.7244897959183674,7,0,0,1,0
17,102.48387096774194,91.19337016574586,91.27374301675978,89.89655172413794,102.38805970149254,111.45714285714286,91.61931818181819,94.03825136612022,92.91071428571429,103.4,107.0,92.0,92.0,92.0,102.0,126.0,105.0,92.0,176.5,82.0,505.0,196.6,123.2,137.0,68.0,,193.0,31.0,140.5,74.0,,358.2,109.16666666666667,135.8,120.5,,294.0,116.0,133.0,136.0,,0.045454545454545456,0.3333333333333333,1.0,0.07317073170731707,0.005434782608695652,0.005319148936170213,0.04918032786885246,0.014285714285714285,0.7865168539325843,7,0,0,1,0
18,99.4375,93.95111111111112,94.95953757225433,95.60606060606061,103.90322580645162,108.2,93.94930875576037,99.09625668449198,98.6774193548387,105.62903225806451,98.5,94.0,94.0,93.0,103.0,116.0,98.0,76.0,140.0,79.0,,22.0,206.0,191.5,55.166666666666664,,22.0,193.5,191.5,57.0,,124.0,117.7,82.5,70.33333333333333,,124.0,114.5,82.5,68.5,,0.0,5.0,2.0,0.02564102564102564,0.013100436681222707,0.010582010582010581,0.0,0.029850746268656716,0.6036036036036037,7,1,0,0,0
19,91.51724137931035,90.71065989847716,91.32121212121213,95.06666666666666,98.72839506172839,90.55555555555556,91.25757575757575,93.95294117647059,103.5,98.3013698630137,98.0,90.0,94.0,97.5,98.0,240.0,106.0,86.0,100.0,72.0,,170.71428571428572,263.8,178.5,106.7,,159.0,252.5,158.0,87.0,,506.75,104.4,143.05882352941177,110.5,,245.0,95.5,117.0,84.5,,0.0,2.5,2.5,0.058823529411764705,0.014925373134328358,0.011363636363636364,0.0,0.024691358024691357,0.6923076923076923,7,0,0,0,1
20,106.61538461538461,99.885,98.66666666666667,100.02,102.14925373134328,110.33333333333333,102.30845771144278,103.83116883116882,101.08695652173913,103.35820895522389,112.0,104.0,100.0,104.0,104.0,40.0,15.0,28.5,51.5,-16.0,,144.0,91.53846153846153,120.5,82.22222222222223,,144.0,88.0,120.5,87.0,,115.5,83.0909090909091,45.0,90.33333333333333,18.25,115.5,73.0,56.0,99.5,20.0,0.0,8.0,2.0,0.0,0.02830188679245283,0.012578616352201259,0.018518518518518517,0.058823529411764705,0.3300970873786408,8,0,0,0,1
21,111.75757575757575,105.69430051813471,104.3932584269663,114.41071428571429,101.21428571428571,115.26470588235294,108.29896907216495,109.50828729281768,114.09615384615384,102.01428571428572,112.0,104.0,104.0,112.5,104.0,60.5,0.0,25.0,56.0,-24.5,72.0,,142.66666666666666,125.0,133.0,,,144.0,125.0,104.0,,216.0,103.9,23.0,,35.0,216.0,107.5,23.0,,31.0,0.0625,4.0,1.0,0.02857142857142857,0.01951219512195122,0.020833333333333332,0.017543859649122806,0.0,0.33649289099526064,8,0,0,0,1
22,103.76923076923077,81.64432989690722,68.05649717514125,71.06976744186046,77.31343283582089,109.65625,84.92610837438424,67.87931034482759,71.0625,79.46153846153847,106.0,82.5,69.0,70.0,73.0,187.5,117.0,114.0,227.5,152.0,,,262.8888888888889,88.2,206.1818181818182,,,202.0,118.0,202.0,,,125.22222222222223,61.4,139.72727272727272,,,106.0,42.0,134.0,,0.0,3.0,0.3333333333333333,0.0,0.004739336492890996,0.011299435028248588,0.023255813953488372,0.04225352112676056,0.6339285714285714,9,1,0,0,0
23,106.55555555555556,90.79901960784314,71.61363636363636,73.42592592592592,85.60759493670886,110.14285714285714,94.96296296296296,71.88372093023256,73.61363636363636,86.15584415584415,106.0,90.0,70.5,74.0,84.0,131.0,104.5,111.5,272.5,104.0,240.0,167.0,333.6666666666667,137.66666666666666,168.875,,167.0,288.0,161.0,145.0,,85.0,99.0,78.33333333333333,122.875,,85.0,102.0,38.0,127.0,,0.0625,inf,1.0,0.0,0.013392857142857142,0.01694915254237288,0.0,0.024096385542168676,0.7345132743362832,9,0,0,0,1
24,113.12903225806451,94.01149425287356,70.72368421052632,74.50666666666666,81.03125,117.83333333333333,97.13736263736264,70.74149659863946,73.328125,84.33846153846154,114.0,93.5,71.0,75.0,78.0,186.5,115.0,110.0,160.5,152.0,,,151.08333333333334,226.83333333333334,239.6,,,150.0,188.5,187.0,,,100.83333333333333,117.0,137.9375,,,102.5,92.0,130.5,,0.0,3.0,1.6666666666666667,0.02702702702702703,0.02127659574468085,0.013157894736842105,0.013157894736842105,0.014285714285714285,0.7954545454545454,9,0,0,1,0
25,106.34615384615384,91.32850241545894,70.18562874251496,74.98039215686275,78.5625,115.5625,94.4675925925926,70.20987654320987,74.73809523809524,81.609375,108.0,91.0,71.0,75.0,73.5,153.5,105.5,103.0,153.5,120.5,,316.5,222.125,231.8,239.42857142857142,,316.5,204.0,177.0,203.0,,352.5,98.375,105.8,139.42857142857142,,352.5,92.0,106.0,144.0,,0.0,1.6,0.8571428571428571,0.05555555555555555,0.018018018018018018,0.023952095808383235,0.058823529411764705,0.0,0.5847457627118644,9,0,0,0,1
26,107.6,91.71270718232044,89.00680272108843,96.44897959183673,119.46875,111.25,97.4020618556701,89.01408450704226,93.78378378378379,122.6969696969697,108.0,90.0,90.0,100.0,122.0,160.0,106.0,92.0,276.0,141.0,175.2,,163.33333333333334,126.5,126.36363636363636,,,126.0,138.0,122.0,,,-18272.090909090908,119.5,157.22222222222223,,,75.0,106.0,152.0,,0.20833333333333334,2.6666666666666665,1.75,0.041666666666666664,0.025252525252525252,0.02040816326530612,0.02,0.014285714285714285,0.5982905982905983,10,1,0,0,0
27,105.44827586206897,87.54368932038835,86.68493150684931,88.77551020408163,112.61333333333333,112.96969696969697,95.30593607305936,86.97872340425532,86.91428571428571,148.88,108.0,86.0,90.0,90.0,116.0,184.0,112.0,92.0,212.0,158.0,,139.0,146.28571428571428,234.0,166.15384615384616,,139.0,150.0,210.0,140.0,,74.0,108.22222222222223,148.0,185.71428571428572,,74.0,74.0,149.0,194.0,,0.0,10.0,2.6666666666666665,0.0,0.03587443946188341,0.013605442176870748,0.02040816326530612,0.0379746835443038,0.7669902912621359,10,0,0,0,1
28,95.4074074074074,85.34634146341463,87.32919254658385,88.69767441860465,104.04166666666667,109.77142857142857,88.72037914691943,88.43137254901961,92.27027027027027,113.57142857142857,106.0,86.0,90.0,96.0,117.0,58.0,100.0,90.0,128.0,173.0,327.0,274.6666666666667,135.66666666666666,171.66666666666666,150.83333333333334,2.0,314.0,136.0,152.0,133.0,2.0,153.33333333333334,105.75,-36679.294117647056,211.84615384615384,0.0,160.0,84.0,154.0,174.0,0.0,0.047619047619047616,2.25,2.25,0.10810810810810811,0.023255813953488372,0.024691358024691357,0.0,0.03278688524590164,0.5258620689655172,10,0,0,0,1
29,102.1951219512195,88.91943127962085,88.16666666666667,93.4,116.0952380952381,107.04545454545455,92.7557603686636,87.84810126582279,92.23076923076923,119.59420289855072,102.0,86.0,90.0,96.0,118.0,134.0,116.0,99.0,250.0,138.0,,256.0,210.0,163.4,112.0,,256.0,184.0,160.0,112.0,,246.0,-70157.75,117.23076923076923,236.0,,246.0,77.0,118.0,302.0,,0.0,15.0,1.6666666666666667,0.02127659574468085,0.04,0.03571428571428571,0.0,0.0273972602739726,0.6347826086956522,10,0,0,0,1
30,56.36666666666667,55.723981900452486,61.280701754385966,64.27027027027027,59.25925925925926,55.82142857142857,55.83796296296296,62.78651685393258,65.65789473684211,63.442622950819676,56.0,56.0,64.0,64.0,56.0,200.5,119.5,97.0,172.0,112.0,,,223.14285714285714,149.33333333333334,214.0,,,256.0,120.0,228.0,,,77.0,58.333333333333336,113.6,,,80.0,64.0,104.0,,0.0,8.0,2.0,0.03333333333333333,0.022123893805309734,0.016216216216216217,0.0,0.0,0.5,11,0,0,1,0
31,58.1764705882353,58.27461139896373,65.0,65.70588235294117,65.83333333333333,57.75757575757576,58.547872340425535,65.54545454545455,65.8125,71.1159420289855,56.0,56.0,64.0,64.0,64.5,199.0,112.5,104.0,156.0,129.0,,,226.55555555555554,206.0,156.07142857142858,,,215.0,192.0,135.0,,,73.45454545454545,87.75,132.0,,,64.0,79.5,124.0,,0.0,0.6666666666666666,0.25,0.0,0.005128205128205128,0.00558659217877095,0.04918032786885246,0.04,0.6521739130434783,11,0,0,0,1
32,58.6764705882353,57.74384236453202,62.90419161676647,64.32075471698113,65.15517241379311,59.588235294117645,58.27860696517413,63.24096385542169,64.46938775510205,70.19117647058823,56.0,56.0,64.0,64.0,67.0,152.5,119.0,104.0,152.0,112.0,,177.0,202.55555555555554,52.0,194.42857142857142,,177.0,223.0,52.0,164.5,,54.0,55.77777777777778,116.5,140.0,,54.0,48.0,116.5,128.0,,0.0,1.6666666666666667,0.6,0.02857142857142857,0.009615384615384616,0.017543859649122806,0.03125,0.0,0.6216216216216216,11,0,0,0,1
33,56.0,53.371134020618555,59.717514124293785,61.9,57.705882352941174,57.06666666666667,53.333333333333336,60.36666666666667,62.03703703703704,63.28048780487805,56.0,55.0,57.0,64.0,59.5,128.0,104.0,96.0,120.0,72.0,,175.5,151.75,,119.0,,175.5,172.0,,96.0,,36.5,44.0,,72.61538461538461,,36.5,40.5,,80.0,,0.0,3.0,1.0,0.0,0.02030456852791878,0.01098901098901099,0.05128205128205128,0.03488372093023256,0.47513812154696133,11,0,0,0,1
34,102.08108108108108,96.27722772277228,104.28,98.08333333333333,106.74137931034483,108.34210526315789,100.47524752475248,106.26797385620915,100.375,107.70689655172414,106.0,93.5,105.0,95.5,107.0,170.5,93.5,49.0,193.5,29.5,294.0,,265.35714285714283,251.44444444444446,206.77777777777777,,,224.0,263.0,155.0,,,182.3125,146.55555555555554,177.0,52.5,,171.5,134.0,195.0,52.5,0.029411764705882353,2.0,1.4,0.024390243902439025,0.027649769585253458,0.01282051282051282,0.04838709677419355,0.0,0.6082474226804123,12,0,0,0,1
35,107.17857142857143,90.88297872340425,103.34020618556701,93.4390243902439,110.75384615384615,108.82758620689656,94.56914893617021,106.535,97.25,111.44262295081967,105.0,90.0,104.5,90.0,111.0,147.0,91.5,58.5,166.5,31.0,372.0,,238.625,174.2,141.85714285714286,228.0,,223.0,150.0,79.0,228.0,,157.625,130.0,140.33333333333334,23.8,,139.0,125.0,127.0,24.0,0.045454545454545456,2.25,0.4444444444444444,0.06896551724137931,0.01,0.033816425120772944,0.046511627906976744,0.015384615384615385,0.4513888888888889,12,0,0,0,1
36,107.40350877192982,95.39583333333333,105.05479452054794,96.13888888888889,114.98630136986301,110.2280701754386,99.14358974358974,108.35135135135135,95.45161290322581,114.61971830985915,105.0,95.0,105.0,94.0,116.0,107.0,72.0,57.5,139.0,16.0,120.0,330.0,281.69565217391306,199.83333333333334,198.66666666666666,,330.0,346.0,149.0,139.0,,139.5,115.96,159.625,197.16666666666666,2.0,139.5,116.0,174.0,147.5,2.0,0.047619047619047616,inf,1.75,0.0,0.03414634146341464,0.02564102564102564,0.0,0.0136986301369863,0.5214285714285715,12,1,0,0,0
37,112.70967741935483,94.0761421319797,101.05,98.53333333333333,111.68656716417911,118.11111111111111,97.19,103.3375796178344,99.39024390243902,113.50769230769231,116.0,94.0,101.5,100.0,111.0,135.0,80.0,48.0,188.0,-5.0,159.0,,191.0,180.15384615384616,179.0,,,142.5,143.0,127.0,,,163.0,242.6,184.375,,,166.0,219.0,164.0,,0.05263157894736842,4.5,0.5714285714285714,0.027777777777777776,0.014285714285714285,0.03571428571428571,0.022222222222222223,0.02857142857142857,0.4861111111111111,12,1,0,0,0
38,102.8780487804878,91.22277227722772,90.75862068965517,86.95555555555555,93.15151515151516,109.41304347826087,92.9219512195122,92.69655172413793,94.78378378378379,96.86153846153846,103.0,90.0,89.0,86.0,94.5,185.5,110.0,138.0,261.0,140.0,142.2,,180.33333333333334,186.16666666666666,173.83333333333334,,,156.0,213.5,119.5,,,116.0,121.16666666666667,136.78947368421052,,,118.5,106.0,108.0,,0.1724137931034483,2.0,5.0,0.02127659574468085,0.01904761904761905,0.0,0.02040816326530612,0.04225352112676056,0.797752808988764,13,1,0,0,0
39,98.16279069767442,88.38235294117646,92.68589743589743,95.12244897959184,90.07936507936508,103.10416666666667,89.93236714975845,94.87179487179488,99.5,92.7936507936508,98.0,89.0,94.0,94.0,91.0,141.5,115.0,174.0,288.0,112.0,140.0,,121.5,290.5,139.77777777777777,,,54.5,266.0,171.0,,,154.5,136.5,132.27272727272728,,,111.0,128.5,115.0,,0.05263157894736842,0.75,1.3333333333333333,0.04081632653061224,0.009433962264150943,0.006060606060606061,0.04,0.014925373134328358,0.7052631578947368,13,1,0,0,0
40,108.41176470588235,92.0049751243781,95.46242774566474,102.45652173913044,96.7560975609756,111.80555555555556,93.5050505050505,97.40462427745665,105.88888888888889,98.96341463414635,112.0,91.0,95.0,104.5,95.0,131.5,137.0,167.0,300.0,142.5,143.0,163.0,270.25,205.0,136.75,,163.0,236.0,219.0,159.5,,122.0,90.66666666666667,101.33333333333333,141.8,,122.0,90.0,77.0,139.0,,0.05555555555555555,0.0,0.0,0.0,0.0,0.0,0.0,0.011627906976744186,1.0238095238095237,13,1,0,0,0
41,103.76470588235294,96.34871794871795,95.92592592592592,105.4888888888889,98.95714285714286,107.86842105263158,96.65957446808511,97.58641975308642,108.93181818181819,102.77777777777777,106.5,97.0,95.0,108.0,98.0,124.5,136.5,171.0,328.5,179.0,167.0,265.0,170.66666666666666,262.5,63.5,,265.0,166.5,189.5,62.5,,98.0,122.66666666666667,136.77777777777777,184.4,,98.0,93.0,154.0,189.0,,0.047619047619047616,2.0,0.5,0.0,0.015151515151515152,0.017857142857142856,0.058823529411764705,0.0,0.95,13,0,0,1,0
42,93.20588235294117,78.30857142857143,72.67484662576688,70.25,67.61016949152543,100.675,82.78688524590164,74.80722891566265,74.56818181818181,68.48214285714286,103.0,83.0,65.0,64.0,64.0,75.5,53.0,83.5,120.0,151.5,,148.0,230.4,152.0,144.75,,143.0,220.0,148.0,126.0,,120.4,70.08333333333333,99.6,138.8235294117647,,105.0,52.5,41.0,125.0,,0.0,6.5,0.6666666666666666,0.0,0.031578947368421054,0.041666666666666664,0.03508771929824561,0.06666666666666667,0.43478260869565216,14,0,0,0,1
43,92.27906976744185,81.42857142857143,74.08,74.04838709677419,66.8840579710145,102.40816326530613,85.31147540983606,75.64571428571429,76.43859649122807,65.83050847457628,86.0,84.0,65.0,82.0,64.0,92.0,66.0,63.0,124.0,170.0,,17.0,146.57142857142858,112.33333333333333,169.0,,17.0,146.0,144.0,154.0,,104.0,-30491.0,98.0,155.57142857142858,,104.0,63.0,105.0,166.0,,0.0,3.0,1.0,0.0,0.021164021164021163,0.0111731843575419,0.03125,0.014492753623188406,0.5149253731343284,14,0,0,0,1
44,92.38235294117646,79.73714285714286,71.81675392670157,72.87272727272727,65.16666666666667,97.6,84.21739130434783,74.37628865979381,76.68888888888888,66.22388059701493,86.0,84.0,64.0,65.0,64.0,84.0,75.0,78.0,93.0,126.0,,444.5,196.5,277.8,202.66666666666666,1.5,444.5,145.0,292.0,164.0,1.5,90.33333333333333,114.18181818181819,77.0,190.71428571428572,,104.0,84.0,63.5,85.0,,0.0,4.0,inf,0.02564102564102564,0.021164021164021163,0.0,0.0,0.0,0.6050420168067226,14,0,0,0,1
45,91.925,81.046875,74.69540229885058,76.56862745098039,66.91176470588235,96.36585365853658,85.65,76.75418994413408,77.06976744186046,67.49152542372882,85.5,84.0,65.0,65.0,64.0,100.0,69.5,76.0,107.0,124.0,,250.5,219.14285714285714,155.25,127.83333333333333,21.0,250.5,205.0,154.5,124.0,21.0,127.0,63.666666666666664,48.25,118.5,,129.0,65.0,53.5,114.5,,0.0,4.0,1.5,0.022727272727272728,0.02403846153846154,0.016483516483516484,0.0196078431372549,0.029411764705882353,0.5190839694656488,14,0,0,0,1
46,94.74193548387096,86.03225806451613,83.64739884393063,89.2051282051282,98.8840579710145,94.0,86.55450236966824,86.50561797752809,91.28571428571429,101.10810810810811,96.0,86.0,80.0,90.0,96.0,106.0,92.0,91.5,290.0,17.0,320.0,471.0,408.0,198.0,74.4,214.0,471.0,397.0,198.0,88.0,214.0,85.0,75.5,89.5,68.8,66.5,85.0,69.0,86.0,73.0,66.5,0.0625,4.5,1.75,0.03225806451612903,0.02727272727272727,0.016129032258064516,0.022727272727272728,0.02631578947368421,0.49673202614379086,15,0,0,0,1
47,93.6923076923077,90.02369668246446,85.05847953216374,97.91428571428571,103.075,93.0,91.59420289855072,93.10555555555555,99.60606060606061,103.075,92.5,90.0,85.0,95.0,106.0,93.0,87.0,78.0,197.0,24.0,,249.0,332.0,167.0,78.875,,249.0,332.0,128.5,91.0,,88.0,87.0,122.0,80.625,,88.0,87.0,98.5,70.0,,0.0,8.0,0.5,0.0,0.014018691588785047,0.02631578947368421,0.02564102564102564,0.024691358024691357,0.4602272727272727,15,0,0,0,1
48,96.59375,89.68036529680366,84.06369426751593,91.97297297297297,102.6103896103896,97.875,91.19545454545455,88.72670807453416,91.0,103.10526315789474,97.0,90.0,85.0,91.0,102.0,146.0,81.0,80.0,305.0,23.0,,,239.33333333333334,,88.33333333333333,,,225.0,,80.0,,,71.0,,83.16666666666667,,,80.0,,80.0,,0.0,4.666666666666667,1.8333333333333333,0.09090909090909091,0.035555555555555556,0.03508771929824561,0.0,0.037037037037037035,0.5586206896551724,15,0,0,0,1
49,99.9047619047619,91.19369369369369,85.49397590361446,97.26470588235294,102.25,99.3,91.95833333333333,90.94413407821229,96.7,101.80263157894737,96.0,91.0,85.0,101.0,102.0,151.0,87.5,86.0,234.0,19.5,,,229.0,198.0,70.33333333333333,,,177.0,198.0,71.5,,,42.333333333333336,21.0,-37279.28571428572,,,52.0,21.0,42.0,,0.0,7.5,1.4285714285714286,0.047619047619047616,0.04017857142857143,0.031746031746031744,0.027777777777777776,0.024096385542168676,0.5060975609756098,15,0,0,0,1
50,103.36842105263158,97.1608040201005,88.41721854304636,89.68888888888888,111.45714285714286,114.70833333333333,101.63157894736842,90.46938775510205,88.68571428571428,112.72222222222223,98.0,96.0,89.0,91.0,111.5,29.0,44.0,86.0,101.0,-17.0,102.33333333333333,178.0,127.84615384615384,134.875,105.88888888888889,,178.0,122.0,117.5,103.0,,103.0,79.5,97.875,96.0,26.9,103.0,76.0,92.5,84.0,28.0,0.07894736842105263,5.0,2.0,0.0,0.037037037037037035,0.012903225806451613,0.044444444444444446,0.041666666666666664,0.3850267379679144,16,1,0,0,0
51,106.48,99.27868852459017,91.121387283237,83.25581395348837,111.21917808219177,109.48148148148148,103.56914893617021,92.82035928143712,81.32432432432432,112.30666666666667,109.0,96.0,91.0,87.0,113.0,-26.0,21.5,79.0,109.0,-18.0,188.5,,158.33333333333334,154.0,100.0,,,124.0,155.5,108.0,,,88.66666666666667,103.14285714285714,149.0,27.0,,86.0,105.0,149.0,20.0,0.08333333333333333,inf,0.7777777777777778,0.0,0.03482587064676617,0.05056179775280899,0.0,0.013333333333333334,0.39267015706806285,16,1,0,0,0
52,100.9,97.04901960784314,89.53548387096774,81.95555555555555,111.35211267605634,103.85714285714286,99.93809523809524,91.39333333333333,80.05405405405405,113.5,94.5,95.0,88.0,87.0,112.0,15.0,43.5,68.0,134.0,-20.0,,,125.8,110.33333333333333,113.8,226.5,,114.0,107.0,108.5,226.5,,85.5,99.5,76.5,36.63636363636363,,89.5,99.5,76.5,41.0,0.0,11.0,1.0,0.0,0.02727272727272727,0.03125,0.022222222222222223,0.02631578947368421,0.3838383838383838,16,0,0,0,1
53,107.93939393939394,99.5054347826087,91.02631578947368,85.66666666666667,107.71794871794872,111.17647058823529,105.16751269035532,92.9047619047619,81.76,108.5,108.0,96.0,90.0,88.0,107.0,-19.0,56.0,90.0,142.0,-20.0,88.57142857142857,120.66666666666667,120.5,155.57142857142858,87.28571428571429,,92.0,105.5,138.0,90.0,,80.0,72.22222222222223,122.46666666666667,108.0,48.857142857142854,93.0,78.0,108.0,108.0,48.0,0.1794871794871795,inf,1.3333333333333333,0.0,0.0392156862745098,0.038461538461538464,0.0,0.0,0.3969849246231156,16,1,0,0,0
54,79.0,73.56716417910448,78.15508021390374,81.425,98.06896551724138,84.44444444444444,77.00985221674877,79.43956043956044,93.22222222222223,100.0701754385965,76.0,71.0,78.0,80.0,100.0,202.0,126.0,114.0,182.0,146.0,,876.25,670.1111111111111,428.5833333333333,264.2,,927.5,584.0,383.5,192.0,,160.66666666666666,170.77777777777777,267.9230769230769,144.6,,168.0,148.0,158.0,129.5,,0.0,inf,0.6666666666666666,0.0,0.009569377990430622,0.015789473684210527,0.0,0.0,0.5855855855855856,17,0,0,0,1
55,79.55555555555556,71.38277511961722,77.8258064516129,81.35714285714286,92.35211267605634,85.1025641025641,74.99530516431925,78.83660130718954,90.93023255813954,95.0,77.0,70.0,79.0,81.0,95.0,173.0,128.0,112.0,188.0,170.0,,548.4545454545455,600.2857142857143,386.25,261.0,,513.0,476.5,379.5,229.0,,172.16666666666666,126.625,172.57142857142858,159.14285714285714,,169.0,132.5,186.0,158.0,,0.0,4.0,0.25,0.0,0.0045662100456621,0.01910828025477707,0.02040816326530612,0.013157894736842105,0.8,17,0,0,0,1
56,96.42424242424242,89.3152709359606,66.8267716535433,60.01923076923077,67.40322580645162,104.79411764705883,93.7981220657277,71.2734375,59.411764705882355,69.3076923076923,103.0,91.0,60.0,59.0,63.5,157.0,107.0,78.5,125.0,318.5,95.8,276.6,162.71428571428572,192.33333333333334,144.0,,251.5,161.5,168.0,138.0,,207.9090909090909,281.09090909090907,213.57142857142858,163.2,,214.0,190.0,167.0,162.0,,0.09090909090909091,10.0,1.75,0.02631578947368421,0.0273972602739726,0.030303030303030304,0.0,0.06349206349206349,0.7159090909090909,18,1,0,0,0
57,96.72222222222223,85.39805825242719,65.97163120567376,65.62222222222222,62.13157894736842,101.66666666666667,89.53140096618357,71.5,70.76190476190476,61.0,97.5,88.0,57.0,60.0,60.0,100.0,104.0,94.0,188.0,170.5,159.0,229.875,251.8,196.8,146.77777777777777,,245.5,266.5,208.0,138.0,,210.625,255.64705882352942,146.25,98.11111111111111,,218.5,225.0,137.0,52.0,,0.02631578947368421,6.0,1.0,0.0,0.032407407407407406,0.03333333333333333,0.041666666666666664,0.013157894736842105,0.6785714285714286,18,1,0,0,0
58,101.56818181818181,85.11538461538461,62.88235294117647,66.13636363636364,62.59701492537314,105.56521739130434,90.01826484018265,64.89285714285714,65.525,62.13559322033898,103.5,86.5,57.0,57.0,62.0,96.0,91.0,93.5,147.0,156.0,,194.66666666666666,219.66666666666666,262.5,107.5,,248.5,221.0,262.5,94.0,,262.5,163.0,113.33333333333333,70.5,,264.5,164.0,88.0,53.0,,0.0,inf,3.0,0.0,0.013392857142857142,0.005747126436781609,0.0,0.014925373134328358,0.5491803278688525,18,0,0,0,1
59,99.375,84.41630901287553,66.1358024691358,63.925,64.46153846153847,102.8,86.991341991342,74.20114942528735,65.71875,63.5,99.0,87.0,57.5,60.5,62.0,133.0,82.0,95.0,175.0,161.5,,,118.66666666666667,132.0,134.25,,,165.0,132.0,107.0,,,210.0,130.5,99.66666666666667,38.0,,210.0,130.5,78.5,38.0,0.0,7.0,0.6,0.0,0.012448132780082987,0.0223463687150838,0.025,0.03076923076923077,0.5462184873949579,18,0,0,0,1
60,107.96875,107.60377358490567,102.17283950617283,104.66666666666667,121.17910447761194,13968.657142857142,110.91363636363636,101.68152866242038,1482.3870967741937,125.6,107.5,110.0,103.0,103.0,127.0,136.0,89.0,40.0,137.0,73.0,,,176.33333333333334,152.28571428571428,207.14285714285714,,,121.0,114.0,130.0,,,75.82608695652173,117.625,129.28571428571428,,,63.0,114.5,127.0,,0.0,inf,0.5,0.0,0.0043859649122807015,0.012269938650306749,0.0,0.0136986301369863,0.42441860465116277,19,0,1,0,0
61,115.28571428571429,113.2122641509434,98.37373737373737,115.78787878787878,118.3103448275862,119.53846153846153,116.12844036697248,98.77083333333333,2125.3548387096776,121.91071428571429,118.0,118.0,96.0,112.0,119.0,87.0,85.0,60.5,41.0,53.0,322.0,,77.5,,109.0,,,77.5,,97.5,,,49.666666666666664,,-37030.545454545456,,,39.0,,102.0,,0.07142857142857142,inf,1.0,0.0,0.013392857142857142,0.015,0.0,0.015384615384615385,0.34946236559139787,19,0,0,0,1
62,120.56521739130434,114.73195876288659,103.53672316384181,119.95,125.82539682539682,123.625,118.54545454545455,103.82857142857142,3113.0857142857144,130.6206896551724,125.0,118.5,103.0,119.0,127.0,21.0,49.0,31.0,16.0,32.5,209.25,,129.0,118.0,140.0,,,129.0,118.0,122.0,,,35.0,147.0,146.69230769230768,,,35.0,149.0,150.0,,0.12903225806451613,3.3333333333333335,1.1666666666666667,0.07692307692307693,0.023809523809523808,0.027777777777777776,0.022222222222222223,0.043478260869565216,0.3689839572192513,19,0,0,0,1
63,113.60526315789474,111.71153846153847,102.90058479532163,109.88,126.08474576271186,113.60526315789474,116.26851851851852,104.32335329341318,580.9574468085107,130.32203389830508,110.5,115.5,103.0,111.5,128.0,75.5,80.5,43.0,81.0,41.0,199.0,93.0,74.0,127.0,85.0,,93.0,74.0,113.0,85.0,,67.0,62.0,125.2,118.5,,67.0,62.0,128.0,118.5,,0.06666666666666667,7.0,0.6,0.0,0.013333333333333334,0.022598870056497175,0.018867924528301886,0.031746031746031744,0.36627906976744184,19,0,0,0,1
64,87.54545454545455,95.29100529100529,89.91256830601093,92.4375,96.01724137931035,91.4090909090909,95.94652406417113,91.77297297297298,92.42307692307692,98.73015873015873,86.0,95.0,90.0,95.0,95.0,85.0,62.0,64.0,133.0,24.0,,,119.08333333333333,135.42857142857142,99.125,,,89.0,100.0,89.0,,,64.5,65.9090909090909,113.0,32.0,,63.5,64.0,113.0,35.5,0.0,3.75,1.375,0.043478260869565216,0.05154639175257732,0.02617801047120419,0.07894736842105263,0.046875,0.3742690058479532,20,0,0,0,1
65,90.75,95.24725274725274,92.9873417721519,89.2127659574468,99.65,90.09677419354838,96.58918918918918,94.4493670886076,94.02127659574468,101.64406779661017,89.5,95.0,91.0,90.0,100.0,88.0,54.0,57.0,72.0,46.0,,319.0,136.15384615384616,238.5,96.0,,319.0,107.0,231.5,84.0,,126.0,81.21428571428571,102.0,90.66666666666667,23.0,126.0,76.0,102.0,84.0,24.0,0.0,1.5555555555555556,0.9166666666666666,0.11764705882352941,0.03684210526315789,0.04242424242424243,0.09090909090909091,0.0625,0.4444444444444444,20,0,0,1,0
66,100.26923076923077,96.22905027932961,92.82,84.46153846153847,100.84615384615384,100.26923076923077,96.62146892655367,94.90196078431373,92.84,104.67857142857143,100.0,95.0,94.0,84.5,100.5,94.0,66.0,61.5,132.0,15.5,121.0,,118.0,162.5,121.33333333333333,31.0,,87.0,137.5,153.0,31.0,,78.33333333333333,-40786.88888888889,76.5,46.5,,70.5,63.0,76.5,46.5,0.05263157894736842,5.75,0.8,0.07692307692307693,0.054945054945054944,0.06074766355140187,0.0625,0.01639344262295082,0.37423312883435583,20,0,0,0,1
67,92.88,98.33160621761658,92.14070351758794,88.37931034482759,99.38181818181818,93.66666666666667,98.66145833333333,93.165,90.70370370370371,102.85714285714286,95.0,100.0,94.0,89.0,100.0,98.0,66.5,61.5,116.0,10.5,,,150.75,117.6,138.92857142857142,,,104.5,126.0,120.5,,,91.75,-36075.333333333336,86.71428571428571,37.57142857142857,,77.0,54.5,84.0,32.0,0.0,5.5,1.1666666666666667,0.08,0.025380710659898477,0.02926829268292683,0.0,0.06451612903225806,0.44285714285714284,20,0,0,0,1
68,114.15789473684211,92.96380090497738,85.13157894736842,90.67391304347827,112.48717948717949,116.25,93.8,84.9391891891892,99.43589743589743,126.25,115.0,90.0,81.0,88.0,111.0,167.5,198.5,132.5,305.0,117.5,,441.25,30.666666666666668,251.0,203.625,,440.0,31.0,312.0,223.5,,274.5,198.33333333333334,375.75,245.11111111111111,,204.5,201.0,388.0,240.0,,0.0,4.0,0.25,0.0,0.0044444444444444444,0.019736842105263157,0.02,0.0,0.8142857142857143,21,0,0,1,0
69,115.80434782608695,98.5047619047619,90.38509316770187,101.8048780487805,119.11666666666666,117.12765957446808,101.02380952380952,90.8407643312102,113.3170731707317,124.36363636363636,119.5,96.0,88.0,102.0,120.0,209.0,209.0,136.0,256.0,124.5,,72.0,312.125,196.16666666666666,156.66666666666666,,7.0,332.5,175.0,28.0,,185.8,159.42857142857142,-94636.66666666667,240.66666666666666,,200.0,166.0,208.0,233.0,,0.0,inf,1.0,0.0,0.004545454545454545,0.006134969325153374,0.0,0.0,1.0142857142857142,21,0,0,1,0
70,114.6842105263158,96.17916666666666,90.49685534591195,113.28205128205128,116.56521739130434,120.625,95.58771929824562,91.25,121.70731707317073,127.2542372881356,112.0,95.0,88.0,120.0,119.0,187.5,167.0,136.0,480.0,161.0,31.0,,15.5,213.0,121.0,,,15.5,213.0,101.5,,,-185964.66666666666,200.5,296.25,,,-279007.0,200.5,277.0,,0.1111111111111111,5.0,1.0,0.025,0.008298755186721992,0.018518518518518517,0.0,0.016666666666666666,0.8571428571428571,21,0,0,0,1
71,113.72,95.01204819277109,85.82456140350877,99.4375,110.14,118.35714285714286,95.47520661157024,87.03571428571429,103.0,121.203125,112.0,95.0,87.0,100.5,111.0,168.5,143.5,121.0,359.0,104.0,16.0,,228.5,433.0,142.7,,,228.5,433.0,145.0,,,199.0,138.0,215.0,,,199.0,138.0,231.5,,0.06666666666666667,inf,1.0,0.0,0.015873015873015872,0.023121387283236993,0.0,0.015384615384615385,0.5555555555555556,21,0,0,0,1
72,81.8780487804878,71.55913978494624,86.80434782608695,94.35135135135135,110.29629629629629,84.11904761904762,71.37430167597765,91.93478260869566,96.75862068965517,120.35820895522389,83.0,71.5,87.0,95.0,111.0,223.5,136.0,141.0,208.0,80.0,,166.0,188.16666666666666,116.66666666666667,93.71428571428571,,166.0,158.5,111.0,88.0,,16.0,108.57142857142857,173.0,177.0,0.0,16.0,119.0,135.0,175.5,0.0,0.0,5.0,1.0,0.023809523809523808,0.043010752688172046,0.03608247422680412,0.05263157894736842,0.028985507246376812,0.7263157894736842,22,0,0,0,1
73,86.53846153846153,72.67619047619047,81.84276729559748,88.275,104.25490196078431,88.92592592592592,72.91707317073171,85.44654088050315,84.86666666666666,117.06153846153846,86.5,72.0,80.0,91.5,104.0,200.0,121.0,176.0,240.5,88.0,,,153.0,119.2,128.54545454545453,,,157.0,152.0,128.0,,,97.0,85.8,176.69230769230768,,,104.0,95.0,176.0,,0.0,6.0,1.8,0.037037037037037035,0.037914691943127965,0.024242424242424242,0.023255813953488372,0.05970149253731343,0.5982142857142857,22,0,0,0,1
74,85.41379310344827,73.19095477386935,82.63636363636364,91.46511627906976,110.91525423728814,86.03846153846153,74.26395939086295,86.52121212121212,99.175,118.56521739130434,88.0,72.0,80.0,89.0,113.0,169.0,143.0,144.0,207.5,79.0,303.0,236.25,193.33333333333334,205.0,147.83333333333334,,188.0,170.0,205.0,142.5,,103.8,90.8,167.5,239.42857142857142,13.0,112.0,69.5,167.5,247.0,13.0,0.04,5.0,1.1818181818181819,0.1,0.04975124378109453,0.05813953488372093,0.02,0.013888888888888888,0.7578947368421053,22,0,0,0,1
75,83.15555555555555,74.94088669950739,86.4296875,102.29545454545455,118.12727272727273,83.32558139534883,76.2279792746114,89.59375,102.90243902439025,127.6470588235294,81.0,72.0,86.0,104.0,121.0,137.0,127.0,175.5,280.0,80.0,,179.5,187.66666666666666,,128.0,,179.5,167.0,,128.0,,88.0,57.166666666666664,,157.0,0.0,88.0,58.5,,152.5,0.0,0.0,6.0,0.75,0.0,0.014634146341463415,0.022727272727272728,0.020833333333333332,0.11428571428571428,0.7865168539325843,22,0,0,0,1
76,118.07692307692308,110.30645161290323,99.15384615384616,110.42622950819673,115.68354430379746,125.38636363636364,115.49479166666667,104.36842105263158,111.90196078431373,130.0,125.0,110.5,100.0,113.0,117.0,62.5,71.0,75.5,96.0,-6.0,,,96.42857142857143,161.0,136.33333333333334,,,75.0,158.0,113.0,,,104.71428571428571,99.5,214.55555555555554,10.0,,103.0,98.0,138.0,10.0,0.0,13.0,1.3333333333333333,0.0,0.04060913705583756,0.03184713375796178,0.016129032258064516,0.011494252873563218,0.45077720207253885,23,0,0,0,1
77,127.0,111.07407407407408,98.63636363636364,116.50943396226415,121.78823529411764,130.85714285714286,115.415,99.87755102040816,115.09302325581395,123.13953488372093,128.5,112.0,100.0,120.0,122.0,55.0,66.5,77.0,126.0,-25.5,122.0,223.0,128.42857142857142,176.0,113.125,,223.0,111.0,176.0,91.5,,163.0,97.11111111111111,95.0,162.2,12.0,163.0,96.0,95.0,153.0,9.0,0.09090909090909091,3.3333333333333335,1.1666666666666667,0.027777777777777776,0.02912621359223301,0.025806451612903226,0.037037037037037035,0.033707865168539325,0.483695652173913,23,0,0,0,1
78,126.78048780487805,111.52380952380952,98.79674796747967,111.8,122.51515151515152,131.73809523809524,115.10919540229885,97.78632478632478,119.28813559322033,124.75714285714285,129.0,110.5,98.0,111.0,122.0,43.0,74.0,80.0,112.0,28.0,,208.5,143.2,218.875,229.71428571428572,,212.0,101.5,232.5,181.0,,102.0,171.25,173.0,94.14285714285714,71.0,102.0,199.0,172.0,86.0,71.0,0.0,2.5,2.5,0.06382978723404255,0.03888888888888889,0.024193548387096774,0.014925373134328358,0.0,0.39664804469273746,23,1,0,0,0
79,124.3103448275862,111.63333333333334,101.51655629139073,117.73469387755102,123.13432835820896,132.65714285714284,114.42307692307692,101.4496644295302,116.13157894736842,125.57142857142857,129.0,111.0,100.0,115.0,122.0,49.0,78.0,84.0,136.0,74.0,107.5,241.14285714285714,167.0,136.9375,145.16666666666666,8.0,178.0,119.0,106.5,122.0,8.0,133.83333333333334,99.09677419354838,130.95,171.69230769230768,,130.5,90.0,132.5,167.0,,0.02857142857142857,3.5,8.0,0.05128205128205128,0.031578947368421054,0.006622516556291391,0.0,0.0273972602739726,0.4269005847953216,23,1,0,0,0
80,76.42105263157895,66.0284090909091,64.1,68.71111111111111,66.70175438596492,80.0952380952381,68.28571428571429,64.53333333333333,77.41304347826087,67.80341880341881,76.0,68.0,62.5,68.0,67.0,199.0,120.0,119.0,194.0,59.0,,,183.77777777777777,179.25,177.0,,,140.5,174.5,161.5,,,74.4375,87.5,175.0,56.25,,73.0,76.0,175.0,53.0,0.0,4.375,2.3076923076923075,0.14285714285714285,0.14285714285714285,0.07207207207207207,0.09615384615384616,0.08547008547008547,1.0446428571428572,24,0,0,1,0
81,71.13333333333334,63.00523560209424,63.964285714285715,66.55263157894737,64.45,74.0,64.02139037433155,64.13461538461539,77.04878048780488,66.15238095238095,69.0,60.0,61.0,68.0,61.0,115.0,130.0,122.5,181.0,53.0,521.0,159.0,160.07692307692307,256.75,101.75,,98.0,121.0,212.5,106.0,,129.33333333333334,100.78571428571429,90.5,83.0,106.0,169.0,65.0,90.0,92.0,87.5,0.06451612903225806,3.272727272727273,1.4736842105263157,0.11428571428571428,0.1218274111675127,0.10619469026548672,0.15217391304347827,0.09523809523809523,0.84,24,0,0,0,1
82,71.25,60.807453416149066,56.10071942446043,62.05769230769231,63.73529411764706,72.91666666666667,64.24691358024691,56.47727272727273,66.20370370370371,65.32075471698113,70.0,59.0,57.0,59.0,62.0,118.0,113.0,141.5,184.5,50.0,,,165.41666666666666,316.6666666666667,115.5,,,173.5,251.0,119.0,,,95.5,78.66666666666667,71.25,28.0,,76.5,76.0,81.5,28.0,0.0,3.1,1.1578947368421053,0.14814814814814814,0.10285714285714286,0.09352517985611511,0.10526315789473684,0.0660377358490566,0.8548387096774194,24,0,0,0,1
83,74.0909090909091,63.26543209876543,59.49122807017544,61.932203389830505,66.56190476190476,78.27777777777777,66.14634146341463,61.14150943396226,64.05084745762711,68.63636363636364,78.0,61.5,58.0,60.0,68.0,69.5,121.0,150.5,193.0,48.5,,400.0,130.66666666666666,206.0,148.0,,400.0,141.0,218.0,120.0,,121.0,76.33333333333333,76.5,70.5,11.5,121.0,73.0,73.5,70.5,11.5,0.0,2.1176470588235294,1.12,0.13157894736842105,0.13372093023255813,0.11206896551724138,0.18461538461538463,0.04504504504504504,1.009090909090909,24,0,0,0,1
84,96.09677419354838,90.71978021978022,73.0,74.58620689655173,74.51351351351352,103.81818181818181,100.72307692307692,75.3489932885906,73.07692307692308,74.375,95.0,86.0,71.0,72.0,72.0,128.0,81.0,120.0,228.0,105.0,,,357.27272727272725,461.25,294.3333333333333,,,408.0,376.5,329.0,,,79.53846153846153,104.65217391304348,65.66666666666667,,,72.0,89.0,47.0,,0.0,15.0,0.45454545454545453,0.029411764705882353,0.0196078431372549,0.06875,0.0,0.04054054054054054,0.5648854961832062,25,0,0,0,1
85,96.25,83.92857142857143,72.4753086419753,74.0,68.45070422535211,103.07317073170732,89.95135135135135,73.82278481012658,78.56521739130434,69.76388888888889,96.0,80.0,72.0,71.0,71.0,177.0,105.0,128.0,213.0,104.5,,447.6666666666667,316.84615384615387,353.2857142857143,365.0,,504.0,304.0,240.0,365.0,,66.66666666666667,117.66666666666667,88.9,39.0,,71.0,100.0,51.0,39.0,,0.0,2.1666666666666665,0.35714285714285715,0.044444444444444446,0.01507537688442211,0.06060606060606061,0.0784313725490196,0.027777777777777776,0.6486486486486487,25,0,0,0,1
86,87.1025641025641,72.16145833333333,80.89808917197452,77.36842105263158,78.7,92.23809523809524,73.94021739130434,86.3132530120482,82.91228070175438,78.63157894736842,87.0,73.0,78.0,77.0,77.0,101.5,84.0,98.0,171.0,145.0,,,132.8,143.0,85.0,,,132.0,143.0,83.0,,,99.13333333333334,90.5,93.25,,,87.0,90.5,96.5,,0.0,1.3333333333333333,1.3333333333333333,0.023809523809523808,0.015151515151515152,0.005813953488372093,0.03278688524590164,0.0375,0.5369127516778524,26,0,0,0,1
87,84.8974358974359,81.18974358974359,82.144,81.96153846153847,77.78048780487805,90.075,84.0421052631579,90.97142857142858,83.65116279069767,77.70370370370371,84.0,79.0,81.0,79.0,74.5,80.5,71.5,105.0,150.0,137.0,,,151.16666666666666,86.0,160.46153846153845,,,150.0,86.0,168.0,,,92.0,72.0,102.57142857142857,,,88.0,72.0,88.5,,0.0,2.25,1.1666666666666667,0.047619047619047616,0.024875621890547265,0.027972027972027972,0.03773584905660377,0.0,0.5093167701863354,26,0,0,0,1
88,129.0,121.96858638743456,116.33088235294117,120.82692307692308,129.7283950617284,130.44444444444446,125.32,118.49253731343283,123.1063829787234,131.73809523809524,130.0,121.0,117.0,121.0,130.0,176.0,153.0,119.0,117.0,97.0,,161.16666666666666,168.83333333333334,168.0,209.71428571428572,,161.5,193.5,168.0,175.0,,164.78571428571428,144.0,99.33333333333333,184.125,,171.0,139.0,131.0,170.5,,0.0,4.5,0.5714285714285714,0.0,0.0196078431372549,0.03571428571428571,0.03636363636363636,0.011904761904761904,0.7567567567567568,27,0,0,0,1
89,132.15555555555557,125.27053140096618,119.09558823529412,122.01886792452831,128.125,137.27083333333334,129.02369668246445,120.48148148148148,121.65957446808511,130.84848484848484,136.0,126.0,121.0,126.0,130.0,129.5,147.0,129.0,160.0,76.0,142.33333333333334,470.2,216.0,238.0,156.27272727272728,,473.0,207.0,238.0,155.0,,147.16666666666666,157.76923076923077,173.0,174.94117647058823,,133.0,154.0,173.0,171.0,,0.07894736842105263,2.6666666666666665,1.2,0.019230769230769232,0.02242152466367713,0.02158273381294964,0.03636363636363636,0.029850746268656716,0.7528089887640449,27,0,0,0,1
90,88.57142857142857,82.66129032258064,87.22666666666667,78.90243902439025,76.74285714285715,102.23076923076923,87.84656084656085,92.125,82.96969696969697,76.46376811594203,87.0,80.0,80.0,80.0,72.0,472.0,280.0,128.0,480.0,104.0,121.0,,279.3333333333333,109.28571428571429,210.85714285714286,,,408.0,27.0,232.0,,,157.66666666666666,-70128.33333333333,160.11764705882354,,,152.0,112.0,144.0,,0.034482758620689655,1.4,3.0,0.07317073170731707,0.03,0.006329113924050633,0.047619047619047616,0.014285714285714285,1.206896551724138,28,1,0,0,0
91,77.40816326530613,75.20886075949367,78.48598130841121,83.72368421052632,75.24242424242425,84.3076923076923,82.93037974683544,83.01834862385321,86.0,77.87,72.0,72.0,72.0,84.0,72.0,316.0,296.0,120.0,211.5,245.5,,,269.6923076923077,228.33333333333334,211.0,,,360.0,304.0,211.0,,,107.4375,115.5,143.33333333333334,,,104.0,119.0,111.0,,0.0,1.75,0.2222222222222222,0.0,0.011695906432748537,0.04424778761061947,0.05128205128205128,0.00980392156862745,2.217391304347826,28,0,0,0,1
92,65.46808510638297,61.36158192090395,61.205882352941174,63.35294117647059,84.06122448979592,66.21739130434783,62.14450867052023,61.395209580838326,62.142857142857146,96.32394366197182,64.0,63.0,63.0,63.0,88.0,408.0,201.0,144.0,304.5,137.0,237.33333333333334,251.5,275.75,140.0,214.54545454545453,,320.0,247.5,153.0,199.0,,96.0,72.3,53.90909090909091,95.9,29.0,88.0,63.0,55.0,95.5,29.0,0.07894736842105263,9.0,1.0,0.02,0.022222222222222223,0.029239766081871343,0.0,0.0,0.8588235294117647,29,0,0,0,1
93,68.40625,61.70232558139535,61.77142857142857,57.44444444444444,82.85714285714286,69.21875,61.33009708737864,62.44444444444444,57.787234042553195,91.93506493506493,64.0,63.0,63.0,56.0,87.0,348.0,205.0,152.0,256.0,120.0,,360.0,221.6,237.0,227.25,,360.0,228.0,193.0,176.5,,112.0,85.72727272727273,80.66666666666667,64.25,7.0,112.0,80.0,81.0,63.5,7.0,0.0,inf,0.5,0.0,0.004545454545454545,0.011299435028248588,0.0,0.0,0.9058823529411765,29,0,0,0,1
94,64.54285714285714,62.517391304347825,61.84662576687116,56.8936170212766,80.54716981132076,63.59375,62.88235294117647,63.32716049382716,58.116279069767444,86.8,63.0,63.0,63.0,56.0,80.0,319.0,184.0,144.0,273.0,116.5,343.0,221.66666666666666,243.71428571428572,266.8,205.66666666666666,,288.0,224.5,263.0,192.0,,111.33333333333333,99.33333333333333,68.0,59.5,15.0,112.0,71.0,56.0,59.5,15.0,0.038461538461538464,3.5,0.5,0.0,0.01282051282051282,0.023952095808383235,0.041666666666666664,0.027777777777777776,0.6206896551724138,29,0,0,0,1
95,66.70967741935483,64.92513368983957,62.580882352941174,61.578947368421055,86.53333333333333,66.82142857142857,64.35754189944134,65.11510791366906,61.507246376811594,98.28205128205128,66.0,64.0,64.0,63.0,87.0,376.0,192.0,136.0,256.0,156.0,192.0,287.0,260.34615384615387,248.71428571428572,222.27272727272728,,351.0,244.5,222.0,200.0,,270.2,99.96774193548387,99.18181818181819,95.625,,144.0,103.0,73.0,88.0,,0.03636363636363636,1.4,1.4,0.09375,0.0213903743315508,0.02127659574468085,0.02564102564102564,0.0,0.9318181818181818,29,0,0,0,1
96,95.36363636363636,89.10365853658537,80.42857142857143,90.88461538461539,97.51428571428572,95.09677419354838,95.38922155688623,82.16083916083916,94.37179487179488,98.27272727272727,103.0,88.0,80.0,94.0,96.5,88.0,56.0,88.0,120.5,159.5,286.3333333333333,152.5,174.2941176470588,127.4,125.33333333333333,,152.5,136.0,160.0,132.5,,144.0,141.21428571428572,167.0,147.44444444444446,,144.0,132.0,108.5,135.0,,0.09090909090909091,15.0,1.0,0.0,0.0446927374301676,0.04861111111111111,0.012048192771084338,0.0410958904109589,0.5658914728682171,30,0,0,0,1
97,94.8225806451613,96.16167664670658,85.47260273972603,94.72,100.96666666666667,96.91935483870968,100.25433526011561,85.88275862068966,98.75,110.06153846153846,103.0,96.0,88.0,95.0,104.0,76.0,55.0,87.0,60.0,96.0,96.0,117.5,129.875,151.625,148.33333333333334,,115.5,128.0,152.0,136.0,,131.0,88.83333333333333,95.77777777777777,123.73333333333333,,128.0,92.0,87.0,127.0,,0.02857142857142857,10.0,4.5,0.015384615384615385,0.04419889502762431,0.013513513513513514,0.0,0.02857142857142857,0.4861111111111111,30,0,1,0,0
98,108.36585365853658,91.77551020408163,79.02597402597402,84.31914893617021,94.20588235294117,117.77083333333333,96.46666666666667,747.8961038961039,90.64102564102564,97.35714285714286,110.0,94.0,79.0,79.0,94.5,204.5,145.0,129.0,194.0,128.5,,,215.66666666666666,281.5,423.8333333333333,,,205.5,281.5,397.0,,,87.85714285714286,92.75,153.375,,,96.0,79.0,158.0,,0.0,5.0,1.0,0.020833333333333332,0.024154589371980676,0.03164556962025317,0.02040816326530612,0.041666666666666664,0.7346938775510204,31,0,1,0,0
99,105.17142857142858,91.14423076923077,76.64150943396227,82.11764705882354,96.15625,118.61363636363636,1031.5416666666667,77.1948051948052,88.5111111111111,99.0,110.0,95.0,77.0,79.0,95.0,222.0,161.0,129.0,289.0,141.0,,,344.0,340.2,435.8888888888889,,,344.0,234.0,425.0,,,103.0,120.57142857142857,144.08333333333334,,,103.0,67.0,139.0,,0.0,2.5,inf,0.0425531914893617,0.022321428571428572,0.0,0.0,0.04411764705882353,0.6476190476190476,31,0,0,0,1
100,72.58620689655173,65.3756345177665,57.82233502538071,58.875,63.338235294117645,77.44117647058823,68.02450980392157,57.8563829787234,57.75,64.05797101449275,78.0,67.0,56.0,56.0,67.0,73.5,79.0,91.0,174.5,68.0,,229.4,271.8666666666667,209.76923076923077,420.3333333333333,,281.0,158.0,158.0,113.0,,97.33333333333333,68.5625,90.3125,101.0,,101.0,72.5,78.0,112.0,,0.0,inf,0.6666666666666666,0.0,0.009478672985781991,0.015151515151515152,0.0,0.0,0.3858695652173913,32,0,0,0,1
101,72.05882352941177,66.31016042780749,59.06666666666667,59.142857142857146,65.57692307692308,80.125,70.18009478672985,59.19565217391305,58.5,66.42857142857143,78.0,67.0,56.0,56.0,67.0,68.0,79.0,90.0,152.5,79.0,394.0,195.16666666666666,198.0,513.6363636363636,112.5,,112.5,146.0,192.0,107.0,,123.4,70.57142857142857,104.0,105.8,,123.0,56.0,101.0,123.0,,0.034482758620689655,inf,1.3333333333333333,0.0,0.0182648401826484,0.015306122448979591,0.0,0.012345679012345678,0.44021739130434784,32,0,0,0,1
102,3.0422535211267605,3.560846560846561,3.010752688172043,3.5742574257425743,3.5164835164835164,3.5833333333333335,5.476439790575916,3.4555555555555557,3.4183673469387754,3.651685393258427,2.0,3.0,2.0,3.0,3.0,3.0,2.0,2.0,2.5,2.0,,5.0,0.9230769230769231,0.0,0.0,,5.0,1.0,0.0,0.0,,2.0,3.125,4.0,2.0,,2.0,2.0,4.0,2.0,,0.0,0.0,0.0,0.0,0.0,0.0,0.0,0.0,0.4125560538116592,33,0,0,1,0
103,2.764044943820225,2.921787709497207,2.8425925925925926,2.763157894736842,2.5058823529411764,2.9651162790697674,3.430167597765363,4.081081081081081,3.5526315789473686,2.5308641975308643,2.0,2.0,2.0,2.0,2.0,2.0,2.0,3.0,2.0,3.0,3.75,0.0,1.6666666666666667,1.2,1.5,,0.0,1.0,0.0,0.5,,5.333333333333333,2.125,1.625,2.75,0.0,5.0,2.0,2.0,2.5,0.0,0.125,0.0,0.0,0.0,0.0,0.0,0.0,0.0,0.38565022421524664,33,0,0,0,1
104,3.1847826086956523,2.9608938547486034,3.0517241379310347,2.8488372093023258,3.025,3.2948717948717947,3.9545454545454546,3.914285714285714,3.63768115942029,3.5217391304347827,2.5,3.0,3.0,2.0,3.0,2.5,3.0,3.0,3.0,3.0,,1.0,0.75,0.0,2.0,,1.0,1.0,0.0,1.0,,1.0,4.333333333333333,0.5,2.8,,1.0,3.0,0.5,2.0,,0.0,0.0,0.0,0.0,0.0,0.0,0.0,0.0,0.3721973094170404,33,0,0,0,1
105,2.8923076923076922,2.82967032967033,2.875,2.7473684210526317,2.3703703703703702,3.807017543859649,3.699300699300699,3.9368421052631577,3.697674418604651,3.787878787878788,2.0,2.0,2.0,2.0,2.0,2.0,4.0,3.0,2.0,3.0,,,1.5555555555555556,1.0,3.5,,,1.0,1.0,3.5,,0.0,3.1538461538461537,2.0,5.666666666666667,,0.0,2.0,2.0,3.0,,0.0,0.0,0.0,0.0,0.0,0.0,0.0,0.0,0.39461883408071746,33,0,0,0,1
106,95.40816326530613,90.43452380952381,81.18954248366013,86.06666666666666,74.21538461538462,99.34042553191489,94.47777777777777,82.49333333333334,88.58695652173913,74.13333333333334,96.0,91.5,80.0,87.0,73.0,122.0,93.0,104.0,176.5,230.5,361.0,319.3333333333333,218.83333333333334,511.2083333333333,450.22222222222223,,167.0,159.5,284.5,319.0,,109.5,179.9,159.73076923076923,155.36363636363637,,99.0,89.5,145.5,159.0,,0.03278688524590164,10.0,0.8333333333333334,0.018867924528301886,0.021621621621621623,0.03821656050955414,0.0,0.045454545454545456,0.66,34,0,1,0,0
107,100.09756097560975,91.45029239766082,80.2710843373494,85.25581395348837,76.13235294117646,104.8913043478261,99.45652173913044,79.77215189873418,85.02380952380952,76.7457627118644,100.0,93.0,81.0,83.0,76.0,184.0,99.0,114.5,212.0,131.0,,93.5,173.16666666666666,313.1,271.0,,93.5,147.0,278.5,271.0,,100.0,83.75,173.34615384615384,205.0,,100.0,76.0,146.0,205.0,,0.0,3.5,0.8,0.021739130434782608,0.015957446808510637,0.023952095808383235,0.022222222222222223,0.014492753623188406,0.711340206185567,34,0,1,0,0
108,102.41176470588235,92.56830601092896,80.72992700729927,85.70370370370371,81.46376811594203,103.48571428571428,96.11170212765957,81.8913043478261,94.9090909090909,82.07575757575758,102.5,92.0,79.0,86.0,79.0,192.0,100.0,115.0,232.0,138.0,,,176.21428571428572,411.93333333333334,364.0,,,115.0,324.0,358.0,,,129.33333333333334,159.64285714285714,253.85714285714286,,,78.0,116.0,151.0,,0.0,4.333333333333333,1.2857142857142858,0.0,0.04591836734693878,0.028368794326241134,0.0967741935483871,0.08450704225352113,0.5916666666666667,34,0,1,0,0
109,91.62790697674419,89.14201183431953,79.27325581395348,78.32692307692308,72.61764705882354,94.75,93.20879120879121,79.70833333333333,77.91111111111111,72.12698412698413,92.0,90.0,79.0,79.0,71.0,156.5,86.0,106.0,222.0,173.0,,302.4,142.125,394.8888888888889,667.6666666666666,,214.0,130.5,273.0,677.0,,115.66666666666667,117.71428571428571,155.84615384615384,192.33333333333334,,108.5,69.0,154.0,183.0,,0.0,2.0,1.25,0.020833333333333332,0.0213903743315508,0.011363636363636364,0.038461538461538464,0.014705882352941176,0.5811965811965812,34,0,1,0,0
110,99.4074074074074,94.0625,89.03389830508475,83.62162162162163,99.24242424242425,100.89285714285714,95.81151832460733,93.03867403314918,84.06060606060606,100.9090909090909,92.0,93.0,86.0,80.0,97.0,210.5,108.0,96.0,273.0,77.5,126.0,,419.0833333333333,247.66666666666666,157.0,,,318.0,270.0,157.0,,,-39363.692307692305,158.0,303.5,,,116.0,176.0,303.5,,0.05555555555555555,3.0,1.0,0.07142857142857142,0.02912621359223301,0.031914893617021274,0.05405405405405406,0.04411764705882353,0.6071428571428571,35,1,0,0,0
111,94.16,90.92265193370166,84.5030303030303,81.38,93.64556962025317,95.90196078431373,93.93478260869566,85.01886792452831,82.83333333333333,96.23170731707317,95.5,91.0,83.0,81.0,96.0,107.0,118.5,116.0,327.5,86.5,,231.0,370.14285714285717,,194.0,,231.0,260.0,,194.0,,135.0,103.85714285714286,,152.0,,135.0,113.0,,152.0,,0.0,4.5,0.5714285714285714,0.019230769230769232,0.015151515151515152,0.03550295857988166,0.0196078431372549,0.023809523809523808,0.8842105263157894,35,0,0,0,1
112,95.97368421052632,96.8121546961326,85.75151515151515,85.16216216216216,94.51388888888889,100.475,101.72527472527473,88.80981595092024,85.42424242424242,98.13157894736842,97.0,96.0,81.0,86.0,93.0,123.0,120.0,92.0,262.0,88.5,,217.0,801.8888888888889,443.0,510.0,,217.0,641.0,394.0,458.0,,155.0,126.88888888888889,162.375,401.75,,155.0,117.0,151.5,424.5,,0.0,2.25,0.8571428571428571,0.023809523809523808,0.02564102564102564,0.023391812865497075,0.07692307692307693,0.013157894736842105,0.6551724137931034,35,0,0,0,1
113,99.43589743589743,92.37073170731708,81.64071856287426,85.6842105263158,93.76712328767124,104.07142857142857,97.61682242990655,83.48407643312102,86.0,94.24657534246575,97.0,92.0,78.0,84.5,93.0,95.0,107.0,105.0,319.5,111.0,1515.0,366.6666666666667,429.625,442.0,187.0,,339.0,365.0,444.0,187.0,,86.33333333333333,198.9,179.0,368.0,,91.0,195.5,197.0,368.0,,0.05263157894736842,2.3333333333333335,1.5,0.046511627906976744,0.017777777777777778,0.01764705882352941,0.02631578947368421,0.04054054054054054,0.8409090909090909,35,0,0,0,1
114,120.27027027027027,100.77297297297298,95.51204819277109,98.42857142857143,127.70491803278688,132.53488372093022,101.62777777777778,98.42514970059881,98.8125,133.2537313432836,122.0,98.0,94.5,97.0,129.0,130.0,101.5,113.0,385.0,65.0,,345.0,252.83333333333334,163.33333333333334,266.1111111111111,,345.0,181.0,151.0,239.0,,136.0,165.57142857142858,117.83333333333333,170.44444444444446,,136.0,173.0,111.5,166.0,,0.0,3.6666666666666665,0.2727272727272727,0.0,0.015789473684210527,0.046511627906976744,0.05357142857142857,0.028985507246376812,0.7840909090909091,36,0,0,0,1
115,114.7,100.37055837563452,95.96511627906976,99.81395348837209,118.32394366197182,121.5,101.9025641025641,99.50877192982456,99.37837837837837,124.8076923076923,117.5,97.0,94.0,98.0,120.0,116.0,103.0,118.0,334.0,62.0,,237.0,144.71428571428572,209.625,156.33333333333334,,237.0,141.0,195.0,125.5,,164.0,162.42857142857142,279.8,587.0,16.0,164.0,124.0,185.5,384.0,16.0,0.0,inf,3.5,0.0,0.034482758620689655,0.0111731843575419,0.0,0.03614457831325301,0.7217391304347827,36,1,0,0,0
116,107.125,105.20915032679738,110.51034482758621,103.26388888888889,108.25316455696202,114.30555555555556,106.74358974358974,114.640522875817,104.5,112.25641025641026,102.0,102.0,112.0,105.0,108.0,293.5,143.5,173.0,262.0,379.0,,111.0,142.58333333333334,156.05882352941177,109.625,,105.0,141.5,128.0,109.5,,179.85714285714286,143.53846153846155,142.625,158.1875,,177.0,127.0,134.0,150.0,,0.0,1.5,0.0,0.0,0.0,0.0189873417721519,0.02702702702702703,0.012048192771084338,0.9431818181818182,37,0,0,0,1
117,104.68181818181819,107.24,109.25225225225225,108.93478260869566,110.81012658227849,110.42424242424242,110.38418079096046,116.80165289256199,109.75555555555556,114.12820512820512,101.5,107.0,107.0,107.0,112.0,114.0,123.0,154.0,271.0,447.5,72.0,102.8,129.61764705882354,147.54545454545453,89.36363636363636,,111.0,132.0,143.0,96.0,,149.9047619047619,130.58823529411765,121.63636363636364,147.9090909090909,,149.0,130.5,120.0,149.0,,0.012987012987012988,1.3333333333333333,1.3333333333333333,0.06666666666666667,0.00546448087431694,0.024390243902439025,0.0,0.0,1.077922077922078,37,0,0,0,1
118,99.0,93.93577981651376,96.03726708074534,94.5952380952381,103.77611940298507,100.1470588235294,96.01809954751131,99.80459770114942,95.25,111.46875,97.0,95.0,96.0,92.0,106.0,315.5,85.0,146.0,231.0,295.0,,,144.53846153846155,,101.66666666666667,,,113.0,,100.0,,,86.53846153846153,,164.53333333333333,,,85.0,,138.0,,0.0,2.0,2.0,0.05555555555555555,0.00881057268722467,0.011428571428571429,0.0,0.0,0.6666666666666666,38,0,0,0,1
119,103.96153846153847,99.99009900990099,101.3475935828877,99.78947368421052,107.40579710144928,105.19047619047619,101.555,104.61025641025641,99.55882352941177,109.5774647887324,108.0,100.5,101.0,97.0,108.0,193.0,100.0,148.0,226.0,179.0,,118.66666666666667,93.16666666666667,112.0,99.77777777777777,,112.0,98.5,133.0,106.0,,159.0,137.66666666666666,115.33333333333333,129.11111111111111,,165.5,131.5,112.0,127.0,,0.0,7.0,0.3333333333333333,0.0,0.009523809523809525,0.024752475247524754,0.02631578947368421,0.02702702702702703,0.6434782608695652,38,0,0,0,1
120,130.08,122.20982142857143,104.99363057324841,107.26,115.69333333333333,152.62857142857143,123.92201834862385,109.68181818181819,106.97826086956522,118.9113924050633,128.0,123.0,107.0,107.0,117.0,230.0,120.5,118.0,379.0,108.0,,220.5,157.0,295.75,213.375,,220.5,82.5,288.0,186.0,,181.5,177.75,95.5,142.0,,181.5,173.0,95.5,152.5,,0.0,1.5,1.5,0.02631578947368421,0.008733624454148471,0.00625,0.018867924528301886,0.05,0.9411764705882353,39,0,0,0,1
121,126.16216216216216,113.3440366972477,106.9030303030303,106.38297872340425,115.1,134.04545454545453,115.27488151658768,109.49693251533742,112.34782608695652,131.03174603174602,128.0,117.0,107.0,106.0,113.0,166.5,121.0,114.0,402.0,110.0,,,148.66666666666666,266.3333333333333,314.0,,,160.0,325.0,314.0,,,97.66666666666667,83.33333333333333,92.0,,,107.0,85.0,74.0,,0.0,7.0,3.0,0.0,0.026785714285714284,0.005952380952380952,0.018867924528301886,0.015151515151515152,0.7857142857142857,39,0,0,0,1
122,98.45454545454545,81.5668202764977,75.71511627906976,80.5,83.85483870967742,103.75,84.86547085201794,77.76162790697674,1689.1515151515152,88.22222222222223,103.0,79.0,71.0,83.0,86.5,113.0,89.0,80.5,90.0,54.0,152.0,,109.83333333333333,163.75,316.0,,,100.5,138.0,322.0,,,78.70588235294117,88.71428571428571,177.0,,,70.0,78.0,183.0,,0.037037037037037035,6.0,2.5,0.0,0.021929824561403508,0.0056179775280898875,0.02702702702702703,0.0,0.5079365079365079,40,0,0,0,1
123,97.15625,87.40096618357488,78.08888888888889,88.58333333333333,84.55714285714286,102.0,89.22660098522168,81.85026737967914,2196.3,87.47457627118644,102.0,87.0,78.5,83.5,85.5,57.0,73.0,80.0,96.5,32.0,208.0,324.3333333333333,122.4,131.5,,,185.0,81.0,101.0,,,118.33333333333333,96.3076923076923,100.0,,,111.0,94.0,126.0,,,0.043478260869565216,2.0,1.1428571428571428,0.08823529411764706,0.02358490566037736,0.026041666666666668,0.06060606060606061,0.02857142857142857,0.4093567251461988,40,0,1,0,0
124,98.33333333333333,89.12871287128714,79.920245398773,92.0,82.13333333333334,101.95238095238095,92.90430622009569,82.56969696969696,364.921568627451,85.26415094339623,103.0,87.0,79.0,95.0,82.5,93.5,81.0,73.0,121.0,32.0,,,118.66666666666667,235.0,97.0,,,121.0,249.0,97.0,,,88.25,170.25,163.0,,,66.5,130.5,163.0,,0.0,inf,1.0,0.0,0.023148148148148147,0.029411764705882353,0.0,0.04838709677419355,0.4,40,0,0,0,1
125,96.1,87.32804232804233,78.18539325842697,88.9047619047619,87.71641791044776,99.34883720930233,90.29015544041451,81.56830601092896,91.39473684210526,89.54237288135593,95.5,87.0,75.5,91.5,87.0,113.0,73.0,81.0,149.0,73.0,,,131.88888888888889,270.3333333333333,270.6666666666667,,,122.0,329.0,281.0,,,-32271.18181818182,193.0,139.0,,,87.0,199.0,139.0,,0.0,3.3333333333333335,1.6,0.044444444444444446,0.03015075376884422,0.021164021164021163,0.022727272727272728,0.058823529411764705,0.5528455284552846,40,0,0,0,1
